,AT,CH,DE,ES,FR,HU,IT,NL,PL,SE,GB
2013 ,0,1.8,0.40000000000000002,-1.3999999999999999,0.59999999999999987,1.8999999999999999,-1.8,-0.10000000000000001,1.1000000000000001,1.2,2.2000000000000002
2014 ,0.69999999999999984,2.3999999999999999,2.2000000000000002,1.3999999999999999,1,4.2000000000000002,0,1.3999999999999999,3.3999999999999999,2.7000000000000002,2.8999999999999999
2015 ,1,1.7,1.5,3.7999999999999998,1.1000000000000001,3.7999999999999998,0.80000000000000004,2,4.2000000000000002,4.5,2.3999999999999999
2016 ,2,2,2.2000000000000002,3,1.1000000000000001,2.1000000000000001,1.3,2.2000000000000002,3.1000000000000001,2.1000000000000001,1.7
2017 ,2.3999999999999999,1.6000000000000001,2.6000000000000001,3,2.2999999999999998,4.2999999999999998,1.7,2.8999999999999999,4.7999999999999998,2.6000000000000001,1.7
2018 ,2.6000000000000001,3,1.3,2.3999999999999999,1.8,5.4000000000000004,0.90000000000000002,2.3999999999999999,5.4000000000000004,2,1.3
2019 ,1.3999999999999999,1.1000000000000001,0.59999999999999998,2,1.5,4.5999999999999996,0.29999999999999988,1.7,4.7000000000000002,1.3999999999999999,1.3999999999999999
2020 ,-6.5999999999999996,-2.8999999999999999,-4.7999999999999998,-10.800000000000001,-8.0999999999999979,-5,-8.9000000000000004,-3.7000000000000002,-2.7000000000000002,-2.7999999999999998,-9.6999999999999993