,AT,CH,DE,ES,FR,HU,IT,NL,PL,SE,GB
2013 ,5.4 ,4.8 ,5.2 ,26.1 ,10.300000000000001,10.2 ,12.2 ,7.3 ,10.3 ,8.1 ,7.5 
2014 ,5.6 ,4.9 ,5.0 ,24.5 ,10.3 ,7.7 ,12.7 ,7.4 ,9.0 ,8.0 ,6.1 
2015 ,5.7 ,4.8 ,4.6 ,22.1 ,10.4 ,6.8 ,11.9 ,6.9 ,7.5 ,7.4 ,5.3 
2016 ,6.0 ,5.0 ,4.1 ,19.6 ,10.1 ,5.1 ,11.7 ,6.0 ,6.2 ,7.0 ,4.8 
2017 ,5.5 ,4.8 ,3.8 ,17.2 ,9.4 ,4.2 ,11.2 ,4.9 ,4.9 ,6.7 ,4.3 
2018 ,4.9 ,4.7 ,3.4 ,15.3 ,9.0 ,3.7 ,10.6 ,3.8 ,3.9 ,6.4000000000000004,4.0 
2019 ,4.5,4.4000000000000004,3.1000000000000001,14.1,8.4000000000000004,3.3999999999999999,10,3.3999999999999999,3.2999999999999998,6.7999999999999998,3.7999999999999998
2020 ,5.4 ,4.8 ,3.7999999999999998,15.5 ,8.0 ,4.3 ,9.2 ,3.8 ,3.2 ,8.3 ,4.9000000000000004
